"sofifa_id","potential","wage_eur","age","height_cm","weight_kg","club_name","preferred_foot","pace","shooting","passing","dribbling","defending","physic","power_strength","power_long_shots","high.wage.ind"
231747,95,160000,21,178,73,"Paris Saint-Germain","Right",96,86,78,91,39,76,76,79,1
212218,90,2e+05,26,189,85,"Manchester City","Left",63,50,72,68,88,81,85,47,1
188377,85,170000,30,183,70,"Manchester City","Right",92,63,76,77,80,82,79,69,1
235790,93,105000,21,188,83,"Chelsea","Left",84,81,79,85,45,67,69,78,1
211300,88,155000,24,184,76,"Manchester United","Right",89,83,74,87,41,72,76,79,1
183512,83,35000,30,181,80,"Athletic Club de Bilbao","Left",83,68,76,76,80,83,80,76,1
207410,86,120000,26,176,80,"Chelsea","Right",75,69,83,88,69,70,63,75,1
157481,82,41000,34,187,74,"Villarreal CF","Right",45,41,62,63,86,75,81,53,1
208418,82,68000,26,181,72,"Atlético de Madrid","Right",91,81,75,84,36,65,59,82,1
177458,81,66000,31,186,81,"Bayer 04 Leverkusen","Right",66,52,63,60,84,77,76,62,1
204399,81,27000,32,182,71,"PSV","Right",79,82,75,83,39,73,76,81,1
223959,85,74000,24,168,65,"Arsenal","Right",74,67,75,79,79,74,67,74,1
138412,80,95000,34,175,70,"Liverpool","Right",58,70,82,77,77,77,70,70,1
189362,80,20000,33,180,85,"Shanghai Port FC","Left",80,82,77,81,46,86,89,82,1
202562,81,49000,27,175,80,"VfL Wolfsburg","Left",88,65,74,80,76,76,76,65,1
213648,84,74000,24,185,84,"Tottenham Hotspur","Right",61,70,76,75,77,80,78,79,1
232411,86,51000,22,179,72,"RB Leipzig","Right",78,74,80,85,69,65,63,76,1
178311,79,29000,33,179,72,"Jiangsu FC","Right",87,78,75,80,29,67,65,76,1
193171,79,34000,32,171,62,"Villarreal CF","Left",75,61,72,73,78,70,67,64,1
206304,79,59000,29,186,80,"Crystal Palace","Right",54,67,76,67,77,82,80,77,1
214092,84,50000,24,182,74,"Atalanta","Left",75,70,78,80,31,62,64,73,1
225508,82,1e+05,26,186,77,"Manchester United","Right",74,42,58,62,79,79,85,48,1
234612,86,36000,22,175,73,"LOSC Lille","Left",89,70,73,83,33,60,54,68,1
166706,78,26000,35,191,81,"İstanbul Başakşehir FK","Right",47,38,48,51,78,82,89,35,1
190717,78,46000,30,178,82,"West Ham United","Right",84,75,73,78,56,84,85,72,1
199206,78,58000,31,184,76,"Beşiktaş JK","Right",73,40,58,59,81,79,78,22,1
206058,78,64000,27,182,78,"Juventus","Right",74,46,69,75,77,70,65,51,1
212501,83,66000,25,189,88,"Wolverhampton Wanderers","Right",67,72,77,71,79,83,85,76,1
223113,83,48000,25,183,77,"Hertha BSC","Right",73,79,53,75,38,71,76,69,1
230426,78,30000,20,170,60,"Flamengo","Right",83,72,75,79,52,48,35,75,1
242348,81,28000,26,188,82,"Real Betis Balompié","Right",73,81,60,77,36,74,76,77,1
181820,77,51000,30,183,79,"AS Monaco","Right",66,78,76,79,35,60,68,79,1
189606,77,50000,32,184,84,"Bayer 04 Leverkusen","Right",55,49,69,68,77,80,77,39,1
195096,77,17000,29,187,82,"SC Braga","Right",59,74,75,73,71,81,79,77,1
203483,78,29000,27,179,70,"SV Werder Bremen","Right",64,77,72,75,69,75,68,76,1
208334,77,26000,30,185,75,"1. FC Köln","Left",69,60,74,75,77,74,75,61,1
215353,78,59000,27,184,78,"Bayer 04 Leverkusen","Right",63,77,58,74,29,74,77,63,1
223273,81,47000,25,188,82,"Atalanta","Right",63,71,75,76,67,75,75,75,1
230241,77,36000,28,165,62,"Palmeiras","Left",79,62,71,69,74,69,65,60,1
237135,77,19000,29,177,63,"Aytemiz Alanyaspor","Right",78,75,71,80,41,71,64,73,1
158625,76,21000,36,189,91,"OGC Nice","Left",33,51,67,62,78,75,83,53,1
184190,76,21000,32,193,84,"Angers SCO","Left",36,33,54,47,78,73,83,28,1
192663,76,27000,32,194,93,"DSC Arminia Bielefeld","Right",64,76,63,64,40,81,91,66,1
201858,76,32000,28,173,63,"Bologna","Right",78,76,72,79,44,58,54,75,1
207948,79,49000,24,181,73,"Aston Villa","Left",82,71,71,82,47,66,65,66,1
212977,81,35000,25,190,88,"Hertha BSC","Right",75,53,64,69,77,75,79,55,1
218339,81,41000,24,178,68,"Borussia Dortmund","Right",73,66,73,82,64,68,57,73,1
225403,81,30000,24,176,67,"İstanbul Başakşehir FK","Left",78,68,76,78,65,71,64,72,1
230208,76,15000,32,175,71,"Club de Regatas Vasco da Gama","Right",77,45,66,64,74,73,71,51,1
234678,81,13000,23,184,79,"KRC Genk","Right",91,56,67,71,68,79,74,62,1
243686,81,12000,24,175,68,"SL Benfica","Right",72,70,77,80,54,52,41,72,1
161754,75,9000,33,187,82,"Boavista FC","Right",48,61,66,66,74,81,85,54,1
176009,75,22000,32,175,73,"KAA Gent","Right",57,66,78,75,71,67,62,76,1
184252,75,18000,32,187,91,"River Plate","Right",72,74,70,73,63,82,86,72,1
190854,75,35000,33,177,73,"Hertha BSC","Right",63,37,64,74,73,67,62,30,1
194359,75,30000,33,170,68,"Olympique de Marseille","Right",80,49,65,70,72,65,57,53,1
199986,75,23000,33,178,76,"SD Eibar","Right",57,57,71,67,74,75,75,72,1
204943,75,24000,32,176,72,"Guangzhou FC","Right",71,76,74,76,43,73,74,75,1
210423,78,9000,25,175,73,"Real Salt Lake","Right",71,75,75,75,45,61,57,77,1
214350,75,5000,29,185,80,"Junior FC","Right",60,80,58,68,40,73,79,72,0
216774,78,42000,26,188,77,"Southampton","Left",51,46,66,59,76,75,79,59,1
221994,78,19000,25,177,73,"KAA Gent","Left",85,61,65,72,71,74,70,66,1
225475,79,27000,26,188,77,"Parma","Right",65,69,68,71,74,70,68,77,1
229636,79,28000,25,190,76,"Cagliari","Left",70,75,72,78,40,67,73,77,1
230528,75,9000,20,188,84,"Fortaleza","Right",53,40,58,58,77,77,83,42,1
234826,83,12000,23,187,84,"Futebol Clube de Famalicão","Right",71,75,57,72,24,75,78,71,1
236791,78,16000,25,190,86,"Hellas Verona","Left",61,73,75,76,54,70,76,78,1
240471,78,23000,25,168,68,"Santos Laguna","Right",73,68,74,76,66,72,65,68,1
246669,88,22000,18,178,65,"Arsenal","Left",84,61,71,78,55,63,58,60,1
164464,74,7000,35,173,75,"Los Angeles FC","Right",65,74,58,69,43,65,65,60,0
183491,74,45000,30,191,85,"Fenerbahçe SK","Right",65,40,58,54,74,79,83,30,1
190666,74,21000,29,184,83,"Sport-Club Freiburg","Right",68,40,53,58,76,70,74,34,1
199386,74,15000,29,170,64,"Feyenoord","Right",78,74,68,74,45,67,58,74,1
203796,74,9000,29,170,66,"Sporting Kansas City","Left",65,72,74,76,61,65,58,72,1
208045,75,17000,26,177,80,"Vitesse","Left",79,74,72,75,38,73,77,75,1
211626,74,24000,28,175,74,"SD Eibar","Left",75,70,74,73,46,66,60,71,1
218534,75,28000,27,184,78,"TSG Hoffenheim","Right",80,73,64,77,37,70,68,69,1
223641,79,12000,24,190,89,"PSV","Right",69,34,55,50,75,77,85,27,1
226861,77,20000,25,179,75,"Angers SCO","Left",79,72,69,75,30,68,81,74,1
230417,74,16000,20,179,76,"Grêmio","Right",72,72,65,67,74,71,70,77,1
232132,81,14000,24,190,72,"Real Valladolid CF","Right",65,47,62,61,74,75,77,45,1
236108,74,24000,24,186,85,"Flamengo","Right",75,56,60,63,76,75,78,72,1
239529,81,19000,22,183,70,"FC Midtjylland","Right",88,58,64,71,71,81,80,49,1
246708,75,1000,26,184,76,"Olympiacos CFP","Right",76,72,70,73,38,66,71,74,0
162221,73,16000,34,188,73,"Royal Antwerp FC","Right",47,54,65,61,73,81,77,62,1
176048,73,6000,35,191,86,"Minnesota United FC","Right",73,72,61,71,35,78,79,64,0
184626,73,29000,34,182,74,"CF Monterrey","Right",39,52,59,59,71,81,85,27,1
191648,73,15000,31,189,79,"U.C. Sampdoria","Right",52,41,51,63,74,71,75,41,1
199313,73,17000,30,182,72,"Angers SCO","Right",77,41,65,65,69,71,70,53,1
204699,73,17000,29,177,75,"Racing Club","Left",82,68,66,76,55,69,61,64,1
208001,76,28000,25,174,68,"VfL Wolfsburg","Left",87,55,67,75,66,56,45,57,1
211844,77,12000,25,183,79,"Standard de Liège","Left",72,59,74,72,67,69,64,61,1
214429,73,8000,29,169,72,"Colo-Colo","Right",82,69,71,74,29,62,73,80,0
217731,77,51000,24,175,71,"Everton","Right",67,75,65,77,30,63,66,76,1
224459,74,16000,27,175,67,"San Lorenzo de Almagro","Right",91,48,57,71,66,72,62,49,1
229148,73,60000,26,181,70,"Inter","Left",89,57,68,75,69,69,63,60,1
230424,73,20000,28,183,78,"Santos","Left",61,53,65,64,71,75,73,58,1
231485,81,55000,22,185,75,"Manchester United","Right",76,36,64,70,73,73,75,34,1
234970,74,1000,25,171,71,"Club Atlético Peñarol","Left",88,68,72,74,29,60,66,65,0
239875,73,7000,30,174,62,"CD Tondela","Right",75,45,63,70,69,64,51,38,0
245278,85,5000,19,187,77,"SL Benfica","Right",79,47,61,74,70,71,71,46,0
139799,72,8000,39,183,83,"Argentinos Juniors","Right",34,75,62,65,43,78,90,69,0
180283,72,9000,31,189,75,"FC Seoul","Right",54,69,76,71,63,68,70,68,1
189172,72,14000,30,180,74,"Elche CF","Left",75,71,68,72,34,65,61,66,1
192362,72,12000,29,178,69,"Feyenoord","Right",88,62,65,74,25,58,69,54,1
198429,72,850,29,181,82,"SK Slavia Praha","Right",79,67,62,72,36,76,79,61,0
200588,72,8000,30,186,77,"Jeonbuk Hyundai Motors","Right",80,47,53,55,70,80,86,45,0
203884,74,26000,27,184,71,"Torino F.C.","Right",61,32,53,63,74,69,70,28,1
208335,72,16000,27,181,74,"Sport-Club Freiburg","Right",67,45,57,62,72,66,63,43,1
211287,72,12000,28,178,71,"Yeni Malatyaspor","Right",90,65,62,77,26,57,60,65,1
213917,77,5000,26,187,79,"Santa Clara","Right",61,32,48,58,72,78,79,25,0
215053,72,7000,29,181,79,"Colo-Colo","Right",51,39,61,59,72,78,80,39,0
220165,74,38000,25,184,85,"Bayer 04 Leverkusen","Right",59,73,56,68,26,70,76,69,1
222644,73,6000,25,178,82,"D.C. United","Right",75,69,67,75,55,65,60,67,0
225844,76,850,24,168,64,"AEK Athens","Left",83,71,67,79,36,47,33,77,0
228804,78,12000,23,180,66,"Royal Antwerp FC","Right",61,65,72,70,69,65,56,70,1
230322,72,8000,20,188,79,"Club de Regatas Vasco da Gama","Right",73,50,63,67,71,75,76,49,0
231111,75,18000,26,193,88,"1. FSV Mainz 05","Left",64,32,62,59,73,75,83,29,1
233550,78,27000,23,170,65,"AS Monaco","Right",87,61,70,75,44,63,57,57,1
235502,72,19000,29,176,67,"Al Wehda","Right",76,69,67,76,27,62,63,70,1
237670,81,10000,22,179,72,"SC Braga","Left",73,70,72,75,43,59,62,76,1
241176,78,12000,23,164,60,"Club Atlético Lanús","Right",84,58,71,79,57,54,35,65,1
244628,76,10000,24,180,79,"Çaykur Rizespor","Right",76,69,63,74,38,65,65,63,1
251854,88,10000,17,174,61,"FC Barcelona","Right",80,61,71,76,46,52,44,60,1
163186,71,7000,36,186,81,"Royal Charleroi S.C.","Right",53,67,67,67,70,76,78,66,0
181479,71,5000,35,187,85,"Sydney FC","Right",35,46,54,50,71,80,84,49,0
188485,72,850,28,185,87,"Club Olimpia","Left",69,39,59,57,69,82,92,32,0
193098,71,18000,28,179,79,"1. FC Köln","Right",75,68,70,70,51,65,68,70,1
200108,71,13000,28,186,75,"F.C. København","Left",71,51,65,68,70,66,63,49,1
203782,71,9000,28,173,66,"Crotone","Right",78,62,70,79,44,63,61,65,1
206436,74,10000,25,179,71,"Dijon FCO","Right",66,69,70,74,45,63,58,67,1
211060,71,3000,30,180,78,"Shimizu S-Pulse","Right",70,61,68,71,65,77,78,62,0
213813,74,5000,26,180,74,"IFK Norrköping","Right",68,64,67,72,67,74,71,71,0
218743,74,850,25,175,74,"CS Emelec","Left",80,67,67,72,31,66,63,66,0
221990,73,9000,28,188,84,"Atlético Tucumán","Right",41,29,46,43,73,69,88,28,1
224336,71,7000,28,186,77,"Jagiellonia Białystok","Left",64,64,65,62,70,77,72,63,0
227600,78,14000,23,177,71,"FC Midtjylland","Right",84,47,65,70,64,71,65,42,1
230291,71,16000,28,182,71,"Coritiba","Right",82,67,62,73,25,64,71,61,1
232511,71,7000,30,176,70,"Sanfrecce Hiroshima","Left",71,37,63,65,72,68,67,36,0
234575,82,6000,21,188,73,"FC Porto","Left",60,38,45,55,73,70,71,38,0
237329,85,31000,20,186,76,"Arsenal","Right",75,64,66,73,57,67,66,64,1
240963,72,10000,27,181,82,"Unión de Santa Fe","Right",76,71,47,65,35,77,85,63,1
243854,82,12000,20,187,82,"RC Strasbourg Alsace","Right",62,34,53,58,73,72,73,29,1
251139,71,8000,31,175,70,"Arsenal de Sarandí","Right",76,61,71,75,62,83,81,61,0
124388,70,13000,29,173,70,"Denizlispor","Left",77,64,68,71,63,66,59,68,1
182178,70,41000,31,178,72,"Leeds United","Right",66,39,60,64,69,77,72,43,1
188768,70,11000,35,179,77,"FC Sion","Right",62,52,64,66,69,75,75,54,1
193092,70,6000,28,168,64,"Melbourne Victory","Right",90,65,63,74,45,46,34,63,0
198868,70,29000,28,187,78,"Beşiktaş JK","Right",59,34,53,45,70,75,80,35,1
201967,70,16000,27,182,65,"Al Fateh","Right",87,58,63,74,44,54,48,53,1
204616,71,13000,27,179,75,"Hellas Verona","Right",81,42,64,64,61,75,74,65,1
208919,75,5000,24,169,61,"SC Farense","Left",80,57,68,76,36,42,32,55,0
212282,71,4000,26,180,74,"Racing Club de Lens","Left",64,61,67,68,66,73,70,49,0
214854,70,3000,28,176,69,"Coquimbo Unido","Right",91,60,62,71,34,60,59,60,0
216811,70,5000,32,196,88,"FC Cincinnati","Right",43,30,44,42,68,81,92,23,0
221488,70,5000,29,185,82,"FC Dallas","Right",61,61,64,68,69,74,73,62,0
223867,72,16000,25,174,70,"LASK Linz","Left",74,71,67,70,31,63,58,72,1
225681,70,9000,27,183,70,"Club Atlético de San Luis","Right",57,35,43,49,71,68,72,52,1
228838,75,5000,25,169,72,"Atlanta United","Right",58,51,63,63,65,82,83,67,0
230387,70,6000,24,187,79,"Bahia","Left",61,34,47,39,70,77,75,25,0
230387,73,18000,26,173,67,"Al Nassr","Right",80,50,63,68,63,70,66,40,1
234515,73,12000,26,184,84,"BSC Young Boys","Left",65,26,59,63,71,75,73,27,1
236251,70,7000,30,180,70,"Club Atlético Aldosivi","Left",72,65,70,68,47,53,49,66,0
238505,83,20000,21,176,66,"Celtic","Right",86,65,63,73,29,48,46,59,1
241629,79,13000,22,178,70,"U.S. Sassuolo Calcio","Left",75,53,65,72,67,59,54,59,1
244213,70,12000,28,175,68,"Demir Grup Sivasspor","Right",75,67,67,72,32,58,60,64,1
246666,84,7000,19,178,73,"1. FC Köln","Left",74,40,58,73,66,58,54,32,0
253340,70,500,35,166,67,"Independiente del Valle","Right",66,70,65,76,50,64,56,73,0
162223,69,5000,33,178,75,"Sydney FC","Right",66,63,68,73,36,54,61,63,0
178033,69,7000,31,186,83,"BB Erzurumspor","Right",83,61,62,72,36,66,69,54,0
186887,69,5000,31,186,77,"FC Emmen","Right",61,69,71,70,45,76,82,72,0
196072,69,5000,38,183,76,"Mazatlán Futbol Club","Right",46,67,73,71,63,63,78,64,0
201891,69,5000,70,177,77,"TSV Egger Glas Hartberg","Right",65,71,63,67,29,69,70,65,0
205941,69,10000,33,171,66,"Club Atlético Independiente","Right",69,72,61,71,35,59,58,72,1
209218,69,7000,37,168,63,"Al Raed","Right",56,64,72,71,51,62,67,65,0
212261,74,14000,25,173,71,"CA Osasuna","Right",77,71,60,73,32,62,62,69,1
214404,72,6000,26,185,77,"Universidad Católica","Left",38,23,40,35,71,78,87,19,0
216530,69,8000,33,191,86,"Club Atlético Banfield","Left",64,69,52,65,30,75,85,65,0
220826,69,2000,28,186,80,"Junior FC","Right",28,55,60,60,63,77,83,64,0
223223,69,6000,30,183,86,"KV Oostende","Left",58,68,67,62,71,83,82,72,0
226436,77,7000,23,182,78,"Udinese Calcio","Right",69,48,65,70,65,69,68,31,0
228761,76,5000,23,182,74,"Vitória de Guimarães","Left",70,70,48,69,26,62,74,70,0
230356,69,10000,28,186,76,"Coritiba","Right",72,54,59,67,69,74,75,58,1
231601,71,9000,26,182,74,"FC Utrecht","Right",71,71,53,66,41,56,56,70,1
233029,69,7000,29,177,68,"Club Atlético Colón","Right",71,69,65,69,70,73,71,69,0
234587,71,2000,26,180,77,"Unión La Calera","Left",74,63,69,70,48,61,58,56,0
236943,76,8000,24,179,70,"Dijon FCO","Left",95,46,59,59,64,66,60,42,0
238126,74,12000,25,179,64,"Real Sociedad","Left",65,61,63,69,60,60,61,66,1
240045,75,8000,23,184,75,"SK Sturm Graz","Right",64,62,64,68,66,69,69,64,0
242087,73,6000,25,177,75,"Kawasaki Frontale","Right",67,46,60,65,66,70,71,50,0
243716,73,4000,23,184,74,"Heracles Almelo","Left",81,68,60,72,40,63,60,64,0
247148,69,1000,31,185,89,"América de Cali","Left",54,26,45,44,68,80,86,23,0
252037,85,7000,17,185,75,"Wolverhampton Wanderers","Right",75,69,45,72,22,64,70,64,0
254062,81,500,21,176,73,"C.D. Universidad Católica del Ecuador","Right",77,52,63,65,64,70,72,59,0
142942,68,4000,39,176,80,"Club Atlético Talleres","Right",39,44,62,52,66,69,81,40,0
178319,68,4000,33,176,77,"FC Twente","Right",45,52,65,66,65,67,66,55,0
187988,68,6000,34,162,64,"Dijon FCO","Right",57,62,70,72,26,41,33,59,0
192904,68,3000,32,186,87,"San Jose Earthquakes","Right",40,27,55,54,67,79,82,17,0
199789,68,9000,32,191,77,"Denizlispor","Right",36,37,45,46,68,77,82,30,1
203315,68,8000,29,183,78,"FK Austria Wien","Right",84,55,59,66,61,69,67,54,0
207925,68,500,29,176,75,"Club River Plate Asunción","Right",80,44,50,63,65,69,68,53,0
211068,69,10000,26,190,80,"Athletic Club de Bilbao","Right",56,67,59,66,40,69,74,59,1
214611,68,1000,31,175,71,"Deportivo Pasto","Left",81,62,64,71,29,54,58,67,0
218880,74,7000,24,186,78,"KAA Gent","Right",36,32,56,61,66,75,77,29,0
222930,72,6.0001,26,184,79,"Kasimpaşa SK","Right",60,54,65,65,66,71,72,59,0
224191,72,4000,24,172,66,"Royal Excel Mouscron","Right",72,56,65,68,63,49,36,65,0
226495,71,4000,25,180,77,"Philadelphia Union","Left",90,65,55,72,25,68,77,54,0
229336,77,11000,23,188,84,"FC Sion","Right",57,57,72,63,62,70,75,64,1
230372,68,7000,24,188,82,"Fluminense","Right",63,54,60,64,68,72,81,49,0
232541,69,5000,26,173,72,"Kashima Antlers","Right",76,61,62,69,55,70,68,60,0
234018,68,4000,20,187,76,"Fortaleza","Right",67,70,66,68,45,69,72,74,0
235536,79,11000,21,178,70,"Tigres U.A.N.L.","Left",65,54,64,63,67,67,70,59,1
237665,72,6000,25,177,73,"Oita Trinita","Right",76,65,53,69,24,66,70,60,0
240223,75,10000,24,183,73,"Montpellier Hérault SC","Left",70,57,61,66,62,62,54,61,1
241811,84,11000,19,171,68,"SD Huesca","Left",70,63,69,74,42,39,32,62,1
243249,78,5000,20,188,75,"Ajax","Right",64,65,63,67,58,71,72,63,0
246203,79,7000,21,189,83,"Trabzonspor","Right",83,65,53,66,26,72,80,56,0
248043,68,5000,33,179,71,"Sepsi OSK Sf. Gheorghe","Right",53,58,62,60,63,72,67,66,0
253242,68,550,27,180,75,"Club Libertad","Left",72,63,49,64,34,77,89,64,0
255578,71,5000,25,188,85,"Yokohama F. Marinos","Right",69,67,52,68,26,74,91,61,0
171082,67,5000,33,179,71,"Sint-Truidense VV","Right",64,65,67,71,63,66,64,67,0
183465,67,11000,29,188,78,"Sheffield United","Right",52,62,68,66,67,64,71,65,1
189383,67,5000,30,182,77,"SønderjyskE","Left",54,63,68,65,62,68,68,67,0
193220,67,4000,31,194,87,"WSG Tirol","Right",49,31,42,49,66,74,89,21,0
199747,67,5000,29,182,78,"Randers FC","Left",72,45,64,65,62,67,66,41,0
203637,67,550,28,175,69,"Club Alianza Lima","Right",75,57,61,70,31,56,61,55,0
208102,69,5000,27,190,88,"Odense Boldklub","Right",52,32,45,44,64,76,83,31,0
210134,68,12000,28,179,72,"Al Ahli","Right",54,25,43,46,68,71,76,21,1
212418,67,4000,29,188,80,"SV Ried","Right",38,44,58,57,68,74,76,46,0
214915,67,3000,28,174,67,"CD Huachipato","Right",64,59,62,66,60,75,73,59,0
218464,67,2000,31,173,78,"Millonarios FC","Left",83,69,61,67,34,75,82,70,0
221709,70,2000,24,170,71,"San Jose Earthquakes","Right",69,55,60,73,62,61,52,53,0
223625,67,4000,29,188,73,"CD Nacional","Left",57,32,43,51,67,71,74,24,0
225632,72,11000,23,188,82,"Sheffield United","Right",88,62,62,67,37,73,79,53,1
228682,71,4000,23,171,63,"Universidad Católica","Right",72,26,54,66,62,62,60,22,0
230297,67,9000,24,186,84,"São Paulo","Right",52,29,34,43,67,74,78,23,1
231828,69,5000,27,198,94,"Aarhus GF","Right",38,25,49,49,68,73,87,17,0
233053,75,6000,23,179,70,"İttifak Holding Konyaspor","Right",69,56,65,69,56,68,68,66,0
234893,67,6000,28,174,77,"Spezia","Left",64,64,64,67,31,53,58,72,0
236167,67,4000,20,172,70,"Atlético Clube Goianiense","Left",65,56,70,71,40,55,58,60,0
237537,68,4000,27,174,66,"Lech Poznań","Left",-81,52,64,64,58,68,69,64,0
239095,72,3000,23,181,73,"Waasland-Beveren","Right",68,42,63,62,65,68,64,46,0
240744,79,5000,21,179,78,"Godoy Cruz","Left",71,54,62,69,29,58,61,56,0
243057,85,11000,19,178,69,"Liverpool","Right",75,36,60,68,63,55,48,29,1
244993,72,4000,24,177,72,"Sint-Truidense VV","Right",73,51,66,68,65,72,70,67,0
246918,78,8000,23,184,70,"CD Tondela","Left",62,55,67,64,65,60,64,61,0
250839,82,500,21,171,66,"FBC Melgar","Right",69,50,65,63,63,65,57,59,0
252962,72,500,25,179,75,"Club Nacional de Football","Right",63,34,46,47,67,68,75,30,0
254701,72,500,25,177,74,"Club Nacional","Right",66,64,58,73,30,50,59,65,0
104476,66,1000,36,179,74,"FK Haugesund","Right",34,59,69,66,56,69,75,61,0
177885,66,5000,32,170,62,"Gazişehir Gaziantep F.K.","Right",77,58,62,69,35,57,52,60,0
186541,66,3000,31,182,74,"Puebla FC","Right",48,48,59,59,67,70,72,61,0
191662,66,5000,33,184,78,"Henan Songshan Longmen FC","Right",67,61,65,67,61,80,90,76,0
199142,70,4000,25,170,73,"Universitatea Craiova","Right",66,58,67,72,56,65,62,62,0
202841,66,2000,28,183,78,"Motherwell","Left",74,41,61,62,61,67,65,42,0
205939,69,4000,26,179,69,"Aytemiz Alanyaspor","Right",74,54,64,65,59,70,63,53,0
209453,66,3000,32,182,79,"Pogoń Szczecin","Right",71,64,64,64,63,75,70,60,0
212643,68,3000,26,182,66,"Pogoń Szczecin","Right",79,64,64,69,30,63,57,68,0
215574,72,2000,24,178,71,"Malmö FF","Right",69,58,64,71,53,73,64,63,0
220600,67,2000,26,175,65,"Houston Dynamo","Left",68,52,63,62,62,57,43,57,0
222660,70,3000,24,183,80,"FC Seoul","Right",69,44,34,39,66,73,84,48,0
224798,69,3000,25,175,63,"Örebro SK","Right",82,64,59,70,39,46,37,65,0
227150,67,2000,26,187,81,"Raków Częstochowa","Right",57,64,65,64,60,68,68,70,0
229249,72,2000,24,172,64,"Atlanta United","Left",88,57,59,69,52,45,33,36,0
231910,71,2000,25,186,79,"Suwon Samsung Bluewings","Right",73,66,52,63,35,72,79,64,0
232876,67,3000,26,176,68,"Kashima Antlers","Right",69,30,57,58,63,62,63,26,0
234635,72,3000,24,188,84,"Rio Ave FC","Left",65,52,65,67,63,69,71,66,0
236283,78,4000,22,176,70,"Unión de Santa Fe","Left",84,61,57,69,31,61,65,55,0
238114,76,3000,21,176,76,"Mazatlán Futbol Club","Left",67,46,55,56,67,65,63,48,0
240501,75,7000,22,177,73,"Atakaş Hatayspor","Left",72,47,60,64,61,67,65,52,0
242327,66,500,29,170,70,"Orlando Pirates","Right",70,51,68,69,57,54,52,58,0
243641,75,6000,21,184,78,"MKE Ankaragücü","Right",74,63,63,69,33,59,63,66,0
245226,78,5000,19,189,83,"West Ham United","Left",51,29,38,48,65,73,79,28,0
246974,75,2000,21,180,73,"Belenenses SAD","Right",76,47,56,69,60,67,68,42,0
248209,79,9000,20,184,75,"Spartak Moskva","Right",76,33,56,59,61,63,63,32,1
252279,70,3000,25,189,81,"TSV Egger Glas Hartberg","Left",66,45,58,61,64,74,77,54,0
253644,66,500,32,178,79,"Deportivo Binacional","Left",71,32,56,58,61,59,59,29,0
254628,66,500,28,183,79,"Club Atlético River Plate","Right",67,39,56,59,63,61,62,55,0
256090,71,500,21,177,79,"Estudiantes de Mérida","Right",63,65,50,60,30,65,71,52,0
155964,65,1000,36,173,78,"Brisbane Roar","Right",65,63,63,68,41,67,71,61,0
183997,65,5000,32,185,79,"Beijing Guoan FC","Right",67,57,58,61,63,75,77,56,0
192285,65,1000,31,180,76,"Falkenbergs FF","Left",62,63,64,67,32,61,67,59,0
201078,65,2000,29,180,75,"St. Johnstone FC","Left",68,45,55,63,62,73,71,55,0
204644,65,1000,27,183,73,"Östersunds FK","Right",86,58,59,65,41,56,58,53,0
208549,65,2000,30,189,78,"Vancouver Whitecaps FC","Right",66,58,57,61,61,76,74,64,0
212971,65,9000,29,175,70,"Al Ahli","Right",55,53,64,64,61,69,70,59,1
215496,66,2000,27,181,70,"Santa Clara","Left",65,48,59,66,59,68,62,36,0
220663,72,3000,23,193,80,"Randers FC","Right",80,61,56,65,52,67,70,62,0
222734,66,3000,26,176,62,"Pohang Steelers","Right",81,60,59,65,64,56,61,42,0
224973,70,5000,24,183,75,"Levante Unión Deportiva","Right",66,62,62,71,52,54,57,62,0
227810,65,1000,30,175,72,"Mjøndalen IF","Right",60,57,66,66,55,71,68,57,0
229856,65,3000,30,183,86,"Colo-Colo","Right",52,66,50,63,25,77,89,62,0
232252,73,2000,23,187,83,"Atlanta United","Right",64,46,55,59,64,74,75,44,0
233386,71,5000,22,184,78,"Club Tijuana","Left",71,61,60,65,27,60,70,53,0
234982,72,3000,22,190,75,"Aalborg BK","Right",64,46,60,60,64,69,70,42,0
236822,72,2000,21,181,72,"FC Groningen","Left",84,63,57,66,33,67,69,68,0
238034,65,2000,29,187,83,"Suwon Samsung Bluewings","Right",67,62,47,59,31,69,89,55,0
240502,72,5000,22,177,77,"Denizlispor","Right",72,40,53,61,61,65,65,44,0
242012,69,2000,25,182,75,"Vegalta Sendai","Right",82,63,49,60,34,68,74,58,0
243523,65,3000,30,182,78,"Gamba Osaka","Right",53,30,46,38,66,71,78,24,0
244703,65,4000,28,179,75,"BB Erzurumspor","Right",56,44,66,55,63,54,53,34,0
246324,65,2000,27,172,67,"Vegalta Sendai","Right",74,61,62,66,59,62,60,59,0
247967,65,2000,30,176,73,"CSM Politehnica Iași","Left",65,36,50,-57,62,62,62,28,0
251232,70,2000,24,183,75,"FC Paços de Ferreira","Right",68,40,59,65,60,63,62,40,0
252924,74,6000,22,172,68,"Cagliari","Right",65,37,54,64,64,53,44,31,0
253568,75,14000,20,187,76,"Futebol Clube de Famalicão","Left",67,66,48,62,29,59,64,61,1
254603,68,500,25,195,86,"Delfín Sporting Club","Left",62,34,48,48,63,72,77,23,0
257170,79,500,20,189,74,"Dynamo Kyiv","Left",65,22,37,43,65,73,72,16,0
155266,64,1000,34,176,62,"Kristiansund BK","Right",69,62,61,70,57,51,37,66,0
182909,64,1000,30,175,65,"Aalesunds FK","Right",57,48,57,60,62,75,74,51,0
190665,64,2000,29,183,76,"St. Mirren","Left",70,62,43,61,36,71,88,54,0
197941,64,1000,31,175,70,"IK Sirius","Right",89,63,48,67,29,63,60,59,0
204098,67,3000,26,173,74,"Sepsi OSK Sf. Gheorghe","Left",65,61,59,68,30,67,70,57,0
210700,64,5000,30,180,76,"Al Taawoun","Right",66,55,61,65,59,73,71,68,0
213670,69,1000,24,179,80,"Östersunds FK","Right",78,37,56,60,59,83,83,34,0
218633,69,2000,25,186,77,"Śląsk Wrocław","Right",76,63,54,61,35,73,78,59,0
221986,68,2000,25,184,76,"Heracles Almelo","Left",58,40,58,62,64,65,70,36,0
225317,71,2000,23,180,77,"Hibernian","Right",71,64,50,63,34,67,74,59,0
228834,72,850,23,174,69,"IK Start","Right",77,42,60,60,58,67,66,38,0
231574,64,500,27,182,74,"Club Social, Cultural y Deportivo de Blooming","Right",60,64,52,66,26,50,45,59,0
233530,64,500,36,177,79,"AC Mineros de Guayana","Right",66,39,57,62,62,57,59,33,0
236282,66,500,26,188,77,"Club Plaza de Deportes Colonia","Right",54,69,49,62,35,62,66,66,0
237816,71,1000,24,183,80,"Raków Częstochowa","Left",70,32,53,59,59,67,65,28,0
239787,70,1000,24,181,77,"Atlético Nacional","Right",78,59,55,64,53,69,77,57,0
240999,67,3000,25,184,81,"Sepsi OSK Sf. Gheorghe","Right",66,61,56,58,41,74,74,55,0
242405,80,6000,20,176,70,"Vitória de Guimarães","Right",77,56,54,67,32,53,51,49,0
243886,70,2000,23,183,73,"Vejle Boldklub","Right",77,44,54,65,58,66,66,38,0
245537,80,850,18,185,74,"Rosenborg BK","Right",83,49,57,69,32,46,44,47,0
246922,70,2000,24,175,68,"Jagiellonia Białystok","Right",73,36,52,59,59,66,64,23,0
248584,73,5000,20,176,65,"Olympique de Marseille","Right",51,44,63,60,60,64,64,42,0
251545,79,3000,19,180,75,"VfB Stuttgart","Right",73,60,57,70,31,49,47,42,0
252463,83,900,18,178,68,"AZ Alkmaar","Right",75,55,60,70,42,50,48,53,0
253541,69,500,21,185,74,"Sport Huancayo","Right",77,45,57,60,61,74,76,53,0
254361,70,500,25,182,85,"Club Sol de América","Right",60,26,49,45,63,69,76,28,0
255189,77,500,19,170,69,"SK Slavia Praha","Right",81,59,56,68,26,58,55,59,0
256528,73,2000,20,171,72,"Defensa y Justicia","Left",72,37,55,64,60,61,56,32,0
258149,69,3000,22,184,80,"Godoy Cruz","Right",61,67,51,63,26,58,65,62,0
182398,63,2000,34,182,80,"Chongqing Liangjiang Athletic","Left",57,56,56,60,61,65,63,49,0
199338,63,2000,30,185,80,"AFC UTA Arad","Right",55,63,55,63,31,64,74,58,0
205956,65,2000,27,188,86,"Motherwell","Left",80,38,47,58,62,73,75,39,0
210805,63,5000,34,174,161,"Al Fayha","Right",57,58,61,67,22,63,67,54,0
216582,67,3000,24,190,82,"SC Rheindorf Altach","Right",65,65,46,57,23,72,80,59,0
221859,64,2000,27,180,78,"Jeonbuk Hyundai Motors","Left",78,59,56,64,56,66,71,58,0
226232,68,2000,24,183,77,"AC Horsens","Right",87,57,54,62,37,72,77,52,0
229105,69,2000,22,185,75,"Waasland-Beveren","Right",62,63,55,63,20,63,71,60,0
231956,65,2000,26,183,77,"Wuhan FC","Right",63,50,56,61,63,70,68,47,0
233083,67,3000,22,178,75,"Kasimpaşa SK","Right",63,52,62,62,53,65,65,63,0
235037,70,2000,22,182,66,"KAS Eupen","Right",81,32,51,64,61,62,66,33,0
237279,68,2000,22,178,70,"Club de Foot Montréal","Right",69,52,59,63,60,69,65,58,0
239506,72,11000,23,187,80,"Leicester City","Right",54,33,44,45,63,71,76,27,1
241068,70,500,21,177,72,"Liverpool Fútbol Club","Left",64,62,48,61,36,52,55,66,0
242531,77,500,18,170,60,"Odds BK","Right",77,52,58,67,58,66,58,48,0
243904,80,6000,19,175,65,"PEC Zwolle","Right",71,51,58,71,34,42,39,43,0
245625,72,2000,21,176,67,"Gamba Osaka","Right",65,51,58,66,54,63,60,47,0
247014,75,1000,20,189,82,"Columbus Crew","Left",68,27,49,48,61,70,74,21,0
248574,80,4000,19,172,68,"AS Saint-Étienne","Right",71,60,61,68,41,44,36,58,0
251494,79,1000,19,175,66,"Jagiellonia Białystok","Right",84,57,54,65,21,50,45,51,0
252484,70,2000,23,181,73,"Gaz Metan Mediaş","Left",67,57,64,62,37,63,66,65,0
254038,63,500,29,172,75,"Sociedad Deportiva Aucas","Right",70,50,60,57,63,70,70,54,0
254648,71,500,21,186,77,"Club Atlético River Plate","Right",68,54,58,63,37,61,63,60,0
255469,69,750,22,214,60,"Sandefjord Fotball","Left",73,34,49,61,57,50,36,31,0
256952,70,1000,23,191,77,"St. Johnstone FC","Right",69,39,54,58,60,73,76,39,0
258040,75,1000,21,182,73,"Raków Częstochowa","Right",74,47,62,65,58,74,70,47,0
175598,62,3000,34,185,84,"Dalian Professional Football Club","Right",42,61,61,59,62,72,74,63,0
193627,62,2000,29,173,66,"Dundee United","Right",68,63,53,62,33,54,52,59,0
204666,62,500,34,165,60,"Estudiantes de Mérida","Right",82,57,59,69,49,48,38,60,0
211435,65,2000,26,183,71,"Gallos Blancos de Querétaro","Right",54,65,45,62,22,51,51,62,0
222063,62,750,31,172,73,"Falkenbergs FF","Right",70,51,59,64,49,54,51,53,0
225781,67,2000,23,182,76,"WSG Tirol","Right",65,57,61,62,57,61,58,61,0
228667,72,700,23,183,79,"IK Start","Right",60,49,61,63,55,68,66,47,0
232085,70,850,23,179,73,"IK Start","Right",77,60,48,66,33,62,60,54,0
233570,67,500,24,175,76,"Club Deportivo Oriente Petrolero","Left",64,62,48,65,28,56,55,55,0
236675,73,4000,22,183,74,"FC Augsburg","Left",67,36,54,61,57,61,59,41,0
238726,70,2000,22,179,70,"Lyngby BK","Right",75,55,56,64,40,57,56,51,0
241036,74,8000,21,178,68,"Tottenham Hotspur","Right",61,44,57,57,60,64,57,35,0
242628,78,500,18,170,68,"Atlanta United","Left",79,40,49,66,57,50,41,35,0
244192,68,850,22,195,88,"Östersunds FK","Left",63,33,44,43,58,84,88,21,0
245400,69,2000,23,184,80,"Gangwon FC","Left",72,60,55,63,30,63,65,49,0
246858,74,750,20,185,80,"Strømsgodset IF","Right",77,32,46,59,57,66,69,26,0
248485,63,2000,26,172,70,"Ulsan Hyundai FC","Right",70,47,57,65,27,41,42,34,0
251610,66,3000,24,174,77,"RC Celta de Vigo","right",67,59,60,62,30,55,61,46,0
252825,73,5000,21,184,75,"Torino F.C.","Right",75,32,44,61,58,61,63,34,0
254044,62,500,27,177,74,"Club Plaza de Deportes Colonia","Right",77,55,56,68,53,66,65,52,0
254826,65,500,26,172,66,"Deportivo Pasto","Right",67,30,47,50,60,61,56,23,0
255432,77,500,18,175,72,"Club Deportivo Oriente Petrolero","Right",63,52,58,58,49,59,55,51,0
256732,80,2000,18,170,65,"Borussia Mönchengladbach","Right",64,55,60,71,38,43,35,48,0
257723,72,1000,22,188,75,"Campionii FC Arges","Right",60,31,44,40,63,67,67,22,0
258895,75,6000,20,190,83,"VfL Wolfsburg","Right",68,62,49,55,31,64,69,60,0
198644,61,850,29,169,66,"Mjøndalen IF","Left",75,57,56,68,45,54,65,62,0
209959,66,2000,24,179,74,"Sepsi OSK Sf. Gheorghe","Right",81,60,52,63,26,48,49,57,0
222118,61,4000,33,183,76,"Wuhan FC","Right",60,38,50,59,60,67,72,39,0
226496,61,2000,29,175,70,"Arsenal de Sarandí","Right",65,62,62,62,31,49,56,60,0
232674,62,5000,26,177,70,"Ettifaq FC","Left",72,26,46,57,58,64,70,19,0
237181,69,2000,23,186,78,"Servette FC","Left",64,27,47,45,60,62,73,17,0
240068,67,4000,24,174,68,"Al Taawoun","Left",78,52,57,63,24,46,35,49,0
241339,61,3000,31,180,72,"Jiangsu FC","Right",66,30,50,55,58,68,72,39,0
243239,75,2000,20,170,73,"FC St. Gallen 1879","Right",79,62,54,63,30,63,68,57,0
245410,69,2000,22,178,74,"Çaykur Rizespor","Right",56,30,41,43,64,57,57,25,0
247426,73,1000,20,173,68,"San Jose Earthquakes","Right",71,49,55,66,35,47,44,48,0
251158,71,1000,21,180,74,"Daegu FC","Right",64,32,48,59,60,59,60,27,0
252778,63,1000,26,179,75,"Motherwell","Right",68,51,63,63,54,53,52,54,0
253715,80,650,17,167,60,"Estudiantes de La Plata","Right",73,60,54,68,35,37,33,50,0
254529,81,4000,18,184,73,"Leeds United","Right",78,35,50,59,54,60,59,33,0
255081,66,900,24,179,76,"FC Academica Clinceni","Right",68,52,60,60,56,60,54,54,0
255561,75,500,18,184,71,"Hibernian","Left",71,35,50,57,59,64,68,34,0
256486,75,2000,19,171,61,"RSC Anderlecht","Right",75,49,54,71,23,38,36,48,0
257383,64,2000,25,186,92,"Gallos Blancos de Querétaro","Right",57,64,45,60,29,64,78,64,0
258415,71,850,21,183,73,"FC Academica Clinceni","Right",66,56,58,62,37,49,48,55,0
202819,61,550,27,180,68,"St. Patrick's Athletic","Right",59,55,60,61,56,63,61,61,0
220328,71,6000,21,177,75,"Spartak Moskva","Right",79,60,53,59,41,48,48,58,0
226516,60,500,31,184,75,"Club Nacional","Right",43,65,44,56,22,66,81,70,0
231486,60,3000,26,165,60,"Damac FC","Right",80,53,52,65,47,51,58,55,0
234369,73,800,20,189,82,"Strømsgodset IF","Right",75,57,46,60,24,66,75,49,0
238904,74,1000,20,177,69,"Śląsk Wrocław","Right",69,51,55,62,34,49,47,47,0
240940,75,2000,20,177,73,"Pachuca","Right",66,59,48,58,18,58,61,54,0
242873,66,3000,23,176,69,"Jiangsu FC","Left",77,53,56,62,33,47,45,54,0
244757,75,2000,20,175,71,"Club Atlético Talleres","Right",77,31,40,60,56,54,47,27,0
246552,61,1000,27,184,80,"BK Häcken","Left",65,48,46,56,58,66,71,41,0
247573,60,550,29,190,82,"Macarthur FC","Right",50,48,55,52,58,64,70,56,0
248869,69,500,22,172,71,"Club Olimpia","Left",71,54,58,60,43,53,51,50,0
252310,71,1000,21,184,78,"Boavista FC","Right",62,52,60,62,52,58,61,45,0
254022,76,2000,18,198,78,"SV Werder Bremen","Right",59,60,49,54,29,59,64,55,0
254636,70,500,20,170,63,"Varbergs BoIS FC","Left",83,46,53,60,46,52,48,38,0
254992,76,800,18,167,69,"Fútbol Club Juárez","Left",69,50,57,65,36,43,43,44,0
255580,74,950,20,180,70,"Heracles Almelo","Left",77,40,49,61,56,52,48,42,0
256453,75,950,19,188,83,"Malmö FF","Right",85,54,49,65,24,65,73,51,0
257677,68,1000,20,177,69,"TSV Egger Glas Hartberg","Left",71,38,54,60,55,58,52,42,0
258510,74,3000,20,186,75,"WSG Tirol","Right",73,49,57,61,39,58,58,43,0
194791,59,600,28,170,70,"Sligo Rovers","Right",75,57,54,63,24,62,59,55,0
222191,59,3000,29,177,73,"Dalian Professional Football Club","Right",80,54,54,59,42,60,67,57,0
230762,66,2000,24,172,64,"Abha Club","Right",84,33,46,53,53,64,57,27,0
237084,59,500,29,183,75,"Club Atlético Nacional Potosí","Right",58,56,50,63,19,64,69,51,0
240981,73,6000,21,176,80,"Brighton & Hove Albion","Right",55,52,58,61,54,56,56,58,0
243371,76,900,19,185,70,"New York Red Bulls","Right",83,59,44,61,28,57,58,55,0
246008,67,500,20,173,65,"Western United FC","Right",72,50,54,55,57,52,48,37,0
247648,69,1000,23,183,83,"Orlando City Soccer Club","Left",66,23,34,39,59,68,72,17,0
251770,73,1000,19,172,65,"FC Botoşani","Left",78,54,48,62,35,61,61,48,0
253135,70,2000,21,179,72,"Argentinos Juniors","Right",64,52,58,59,56,60,56,52,0
254454,67,500,20,182,74,"Club Deportivo El Nacional","Left",73,47,47,56,55,66,76,44,0
255264,59,500,36,183,75,"Zamora Fútbol Club","Left",41,29,40,42,60,60,66,18,0
256024,70,1000,23,193,84,"FC Dallas","Right",61,34,41,50,58,72,78,35,0
257309,70,500,19,180,71,"Sandefjord Fotball","Right",68,31,43,55,55,55,50,28,0
258081,74,2000,19,178,70,"Rosario Central","Right",68,61,45,58,21,49,52,56,0
258945,73,950,20,180,75,"Heracles Almelo","Left",65,36,46,51,59,60,63,28,0
224498,64,700,24,177,67,"Östersunds FK","Right",57,36,50,55,55,66,72,29,0
233629,68,1000,23,180,70,"Hamilton Academical FC","Right",50,28,30,36,60,62,62,24,0
238894,68,550,22,180,70,"Bohemian FC","Right",67,52,54,58,52,62,62,50,0
242302,72,1000,21,178,73,"FC Dallas","Right",62,52,58,62,50,56,58,51,0
244179,75,3000,20,171,60,"DSC Arminia Bielefeld","Right",78,56,54,69,27,53,48,49,0
247308,67,900,21,177,73,"FC Dallas","Left",58,27,47,53,55,55,57,27,0
251013,67,600,23,178,72,"Coquimbo Unido","Right",66,45,56,55,49,61,56,51,0
252775,64,850,23,178,73,"Sagan Tosu","Right",59,55,48,62,29,61,70,47,0
254483,66,3000,21,178,69,"Santos Laguna","Right",55,34,41,57,57,48,43,34,0
255226,73,800,18,177,69,"Kashiwa Reysol","Right",73,57,40,58,28,53,65,57,0
256040,74,600,20,182,70,"Viking FK","Right",59,32,45,56,57,54,52,27,0
257506,70,1000,20,182,67,"Waasland-Beveren","Right",66,33,51,54,55,54,52,34,0
258176,74,600,17,183,71,"Club Atlético Huracán","Right",66,61,49,64,23,48,50,57,0
258884,69,2000,20,170,67,"Yeni Malatyaspor","Right",61,49,61,68,41,43,42,40,0
228077,58,2000,27,174,65,"Hebei FC","Right",73,53,57,59,46,65,64,54,0
238009,66,2000,22,179,75,"FC Nordsjælland","Left",73,50,48,62,35,56,56,40,0
241201,66,1000,21,191,84,"Cerezo Osaka","Right",68,55,42,52,17,69,91,44,0
243949,74,800,18,185,82,"Lechia Gdańsk","Right",73,53,48,56,21,59,70,42,0
247128,68,750,20,174,65,"Sagan Tosu","Right",59,60,58,57,22,51,57,58,0
250846,60,4000,26,182,79,"Al Hazem","Right",75,54,44,59,23,74,77,47,0
252567,75,500,18,183,71,"Panathinaikos FC","Right",66,49,52,56,52,60,54,58,0
254834,73,500,18,176,74,"FC Tokyo","Right",76,35,48,54,51,67,72,42,0
255562,74,4000,20,185,80,"FC Sion","Right",58,57,43,56,27,63,70,54,0
255987,68,500,19,180,72,"C.D. Universidad Católica del Ecuador","Right",59,51,51,56,50,49,42,52,0
257067,64,1000,23,193,93,"Portland Timbers","Right",61,41,57,51,55,60,58,31,0
258531,62,2000,23,172,65,"Club Atlético de San Luis","Right",68,54,53,59,29,53,54,56,0
224638,60,2000,25,178,72,"Shijiazhuang Ever Bright F.C.","Right",80,50,55,56,41,54,51,48,0
240650,69,2000,20,176,71,"Melbourne City FC","Left",52,37,57,62,38,47,54,27,0
243461,64,1000,23,178,73,"New York Red Bulls","Left",68,48,59,63,52,53,56,42,0
247395,70,500,20,184,86,"St. Patrick's Athletic","Right",50,26,39,37,54,66,74,21,0
251918,61,500,24,183,77,"AC Mineros de Guayana","Right",54,27,38,35,57,63,73,18,0
253511,64,2000,21,184,75,"Denizlispor","Right",60,30,39,40,59,57,57,25,0
255247,73,900,19,178,70,"Sepsi OSK Sf. Gheorghe","Left",73,35,41,37,52,59,53,40,0
255995,66,500,19,174,67,"FBC Melgar","Right",60,34,41,42,55,58,63,35,0
257399,81,500,16,185,80,"Vejle Boldklub","Right",65,58,38,54,21,61,73,48,0
258416,70,900,20,180,67,"AFC UTA Arad","Right",74,45,51,56,26,48,48,41,0
236444,66,500,21,179,67,"Cork City","Right",63,37,46,50,49,64,64,37,0
244715,75,3000,18,180,72,"Wolverhampton Wanderers","Right",62,52,54,59,47,57,57,54,0
247352,70,700,19,163,62,"CD Huachipato","Left",70,46,50,60,31,39,37,37,0
251797,64,1000,21,175,68,"Gazişehir Gaziantep F.K.","Right",54,44,54,56,53,47,44,41,0
254275,71,500,19,181,73,"Mjällby AIF","Right",58,52,43,56,18,53,58,45,0
255651,70,500,18,169,63,"Cusco Fútbol Club","Right",65,39,52,58,50,54,50,44,0
256287,75,500,17,172,68,"Club Atlético Colón","Right",71,46,50,59,24,48,38,39,0
257837,69,500,17,180,80,"FC Lausanne-Sport","Left",67,28,43,51,53,66,73,31,0
213854,54,700,29,188,72,"Mjøndalen IF","Right",45,54,53,52,40,58,65,56,0
246591,61,500,23,178,68,"Finn Harps","Right",68,38,53,57,45,60,55,40,0
252530,75,1000,18,172,62,"FC St. Gallen 1879","Left",68,43,48,63,35,38,33,36,0
255544,66,500,18,172,62,"Falkenbergs FF","Right",64,38,48,57,51,56,54,39,0
256110,63,1000,22,178,75,"San Jose Earthquakes","Right",66,42,55,57,42,53,51,38,0
257997,69,500,18,178,67,"Djurgårdens IF","Right",65,25,35,53,45,53,43,23,0
241338,56,2000,25,178,74,"Qingdao FC","Left",61,25,29,50,51,61,55,25,0
247735,59,1000,24,178,68,"Busan IPark","Right",70,53,43,55,26,56,53,49,0
252787,65,900,20,181,72,"Livingston FC","Right",59,46,51,57,43,55,52,42,0
255808,62,500,21,176,75,"Centro Atlético Fénix","Left",65,37,49,50,38,56,54,30,0
257403,67,500,18,178,70,"Mjøndalen IF","Right",64,55,36,50,19,48,48,54,0
242011,59,500,23,175,75,"Waterford FC","Right",64,51,41,51,25,52,53,47,0
252142,64,550,19,178,77,"Newcastle Jets","Right",72,53,45,60,16,50,59,58,0
255728,64,500,20,185,78,"Club Atlético River Plate","Right",62,27,30,51,50,58,62,23,0
256561,66,500,19,175,68,"Unión La Calera","Right",65,44,53,56,36,47,45,38,0
258368,63,600,19,178,72,"FC Voluntari","Right",56,25,34,32,53,55,52,17,0
244677,68,850,20,165,68,"Vancouver Whitecaps FC","Right",59,35,47,52,50,43,43,30,0
252758,66,500,18,177,66,"Bohemian FC","Right",56,47,50,54,45,47,47,42,0
256187,63,500,20,175,70,"Caracas Fútbol Club","Right",69,53,36,50,18,45,49,51,0
258166,68,550,18,173,65,"St. Johnstone FC","Left",71,51,36,52,16,45,46,50,0
252222,70,500,17,178,69,"Jagiellonia Białystok","Right",63,49,35,52,19,42,42,41,0
256198,66,500,17,173,61,"Independiente del Valle","Right",61,38,47,50,43,46,34,36,0
258679,65,600,18,175,65,"AC Horsens","Right",67,39,49,57,39,47,47,41,0
254270,74,500,17,172,69,"SK Brann","Right",56,51,39,48,18,46,45,49,0
233667,58,2000,21,185,70,"Dalian Professional Football Club","Right",54,45,35,50,28,47,53,42,0
258268,61,700,19,177,78,"Colo-Colo","Right",62,34,46,46,44,58,59,33,0
